{"PITCH":1.239999771118164,"SOUND_NUM":5,"SOUND_TYPE":5,"VOLUME":1.005002737045288}
